,Statistic,User Rating,Letterboxd Rating,Letterboxd Rating Count
0,Mean,3.6136363636363638,3.1036767676767676,224527.7626262626
1,Standard Deviation,0.7316794462216119,0.6891723737452973,319299.7945467279
2,Variation,0.5099595959595962,-0.5099595959595962,N/A
