,Statistic,User Rating,Letterboxd Rating,Letterboxd Rating Count
0,Mean,3.590634441087613,3.11337361530715,224879.72104733132
1,Standard Deviation,0.7495582706574644,0.6479692209348776,320133.76066237426
2,Variation,0.47726082578046336,-0.47726082578046336,N/A
