,Statistic,User Rating,Letterboxd Rating,Letterboxd Rating Count
0,Mean,3.621976866456362,3.096887486855941,219268.23133543637
1,Standard Deviation,0.7202709164949563,0.6894647710255842,308464.2081640508
2,Variation,0.5250893796004208,-0.5250893796004208,N/A
