,Statistic,User Rating,Letterboxd Rating,Letterboxd Rating Count
0,Mean,3.623076923076923,3.101117948717949,222499.31384615385
1,Standard Deviation,0.7198639282431074,0.6889265535130851,314824.6333623777
2,Variation,0.5219589743589741,-0.5219589743589741,N/A
