,Statistic,User Rating,Letterboxd Rating,Letterboxd Rating Count
0,Mean,3.6136363636363638,3.103686868686869,224526.76363636364
1,Standard Deviation,0.7316794462216117,0.6891745938132278,319298.2710820884
2,Variation,0.5099494949494949,-0.5099494949494949,N/A
